{"Version":2,"SourceFileDate":132913277814766867,"Flags":["FL_BITMAP_COMPRESSION","FL_BITMAP_MIPMAP","FL_BITMAP_QUALITY_HIGH","FL_BITMAP_PRECOMPUTED_INV_AVG"],"InvAvgColor":[1.5441583395004272,1.8271298408508301,4.199221134185791],"HasTransp":true}